English,Chinese,Audio,Level,Source
a.m. (for time),是。,[sound:85a0ae0c49fe92b6.mp3],tricky,Cambridge English A2 Flyers word list (official PDF)
across,穿过,[sound:c55704728716728d.mp3],extended,Cambridge English A2 Flyers word list (official PDF)
act,行为,[sound:316c9c3ed45a83ee.mp3],core,Cambridge English A2 Flyers word list (official PDF)
actor,演员,[sound:8e62561c3ac6d3fb.mp3],core,Cambridge English A2 Flyers word list (official PDF)
actually,实际上,[sound:7ddf80803ddb70e6.mp3],extended,Cambridge English A2 Flyers word list (official PDF)
adventure,冒险,[sound:7cb4872d41405353.mp3],extended,Cambridge English A2 Flyers word list (official PDF)
after,后,[sound:632a2406bbcbcd55.mp3],core,Cambridge English A2 Flyers word list (official PDF)
ago,前,[sound:6d0a578ca2f2c0e7.mp3],core,Cambridge English A2 Flyers word list (official PDF)
agree,同意,[sound:6a6334b478289b4f.mp3],core,Cambridge English A2 Flyers word list (official PDF)
air,空气,[sound:3c4588116394d216.mp3],core,Cambridge English A2 Flyers word list (official PDF)
airport,飞机场,[sound:4a776428d7409fc7.mp3],extended,Cambridge English A2 Flyers word list (official PDF)
alone,独自的,[sound:c42bbd90740264d1.mp3],core,Cambridge English A2 Flyers word list (official PDF)
already,已经,[sound:1ebf4e55c604b92c.mp3],extended,Cambridge English A2 Flyers word list (official PDF)
also,还,[sound:07ccfe360dce69b8.mp3],core,Cambridge English A2 Flyers word list (official PDF)
amazing,惊人的,[sound:922c8158165d7c65.mp3],extended,Cambridge English A2 Flyers word list (official PDF)
ambulance,救护车,[sound:e0d0f09d7ff710fc.mp3],extended,Cambridge English A2 Flyers word list (official PDF)
anyone,任何人,[sound:b1f8e4a5ec893d89.mp3],extended,Cambridge English A2 Flyers word list (official PDF)
anything,任何事物,[sound:f0e166dc34d14d6c.mp3],extended,Cambridge English A2 Flyers word list (official PDF)
anywhere,任何地方,[sound:419107f1667df41b.mp3],extended,Cambridge English A2 Flyers word list (official PDF)
appear,出现,[sound:fb67f8d67111c4f8.mp3],extended,Cambridge English A2 Flyers word list (official PDF)
April,四月,[sound:3fcf026bbfffb63f.mp3],core,Cambridge English A2 Flyers word list (official PDF)
arrive,到达,[sound:a2f26a443b13754a.mp3],extended,Cambridge English A2 Flyers word list (official PDF)
art,艺术,[sound:2c5f64ab07ccb3e4.mp3],core,Cambridge English A2 Flyers word list (official PDF)
artist,艺术家,[sound:0441f9e2d94c39a7.mp3],extended,Cambridge English A2 Flyers word list (official PDF)
as,作为,[sound:f970e2767d0cfe75.mp3],core,Cambridge English A2 Flyers word list (official PDF)
as ... as,一样一样,[sound:fd58883f4b3fead2.mp3],tricky,Cambridge English A2 Flyers word list (official PDF)
astronaut,宇航员,[sound:901d32488aa7079e.mp3],extended,Cambridge English A2 Flyers word list (official PDF)
at the moment,眼下,[sound:da217c26976d7228.mp3],tricky,Cambridge English A2 Flyers word list (official PDF)
August,八月,[sound:41ba70891fb6f393.mp3],extended,Cambridge English A2 Flyers word list (official PDF)
autumn (US fall),秋天,[sound:3a4b5f2f801ada67.mp3],tricky,Cambridge English A2 Flyers word list (official PDF)
away,离开,[sound:efb5803993a803fe.mp3],core,Cambridge English A2 Flyers word list (official PDF)
backpack (UK rucksack),背包,[sound:96982677cff68197.mp3],tricky,Cambridge English A2 Flyers word list (official PDF)
bandage,绷带,[sound:7e0c8a3fd825a5f9.mp3],extended,Cambridge English A2 Flyers word list (official PDF)
bank,银行,[sound:bd5af1f610a12434.mp3],core,Cambridge English A2 Flyers word list (official PDF)
beetle,甲虫,[sound:3c9447e3247bb6d9.mp3],extended,Cambridge English A2 Flyers word list (official PDF)
before,前,[sound:2f44417567bc123b.mp3],extended,Cambridge English A2 Flyers word list (official PDF)
begin,开始,[sound:8d589afa4dfaeeed.mp3],core,Cambridge English A2 Flyers word list (official PDF)
believe,相信,[sound:2d46f6286511bd2e.mp3],extended,Cambridge English A2 Flyers word list (official PDF)
belt,腰带,[sound:960dc476150dbdbe.mp3],core,Cambridge English A2 Flyers word list (official PDF)
Betty,贝蒂,[sound:7e754adda86a60e0.mp3],core,Cambridge English A2 Flyers word list (official PDF)
bicycle,自行车,[sound:9e8e37aeb4449d57.mp3],extended,Cambridge English A2 Flyers word list (official PDF)
bin,垃圾桶,[sound:c1111bd512b29e82.mp3],core,Cambridge English A2 Flyers word list (official PDF)
biscuit (US cookie),饼干,[sound:2e728dd31fb5949b.mp3],tricky,Cambridge English A2 Flyers word list (official PDF)
bit,少量,[sound:f67169dfbf72c4ca.mp3],core,Cambridge English A2 Flyers word list (official PDF)
bored,无聊的,[sound:f5b5c28becf7fdb1.mp3],core,Cambridge English A2 Flyers word list (official PDF)
borrow,借,[sound:485ec278821f55d1.mp3],extended,Cambridge English A2 Flyers word list (official PDF)
bracelet,手镯,[sound:992df610cee45108.mp3],extended,Cambridge English A2 Flyers word list (official PDF)
break,休息,[sound:1cbfb724ceee46cd.mp3],core,Cambridge English A2 Flyers word list (official PDF)
bridge,桥,[sound:98ac6b4b086b5a2f.mp3],extended,Cambridge English A2 Flyers word list (official PDF)
broken,破碎的,[sound:54ddc3c7d064822e.mp3],extended,Cambridge English A2 Flyers word list (official PDF)
brush,刷子,[sound:68f6f171811b2ced.mp3],core,Cambridge English A2 Flyers word list (official PDF)
burn,烧伤,[sound:a985c9764e0e6d73.mp3],core,Cambridge English A2 Flyers word list (official PDF)
business,商业,[sound:f5d7e2532cc9ad16.mp3],extended,Cambridge English A2 Flyers word list (official PDF)
businessman/woman,商人或女人,[sound:8d2d6113c81a7a4e.mp3],tricky,Cambridge English A2 Flyers word list (official PDF)
butter,黄油,[sound:d74fdde2944f475a.mp3],extended,Cambridge English A2 Flyers word list (official PDF)
butterfly,蝴蝶,[sound:9fd8301ac24fb88e.mp3],extended,Cambridge English A2 Flyers word list (official PDF)
by myself,我自己,[sound:371946bb61c37e0d.mp3],tricky,Cambridge English A2 Flyers word list (official PDF)
by yourself,自己,[sound:bf6d5dd3b1d3126d.mp3],tricky,Cambridge English A2 Flyers word list (official PDF)
calendar,日历,[sound:a0e7b2a565119c0a.mp3],extended,Cambridge English A2 Flyers word list (official PDF)
camel,骆驼,[sound:a4995d016a80cf23.mp3],core,Cambridge English A2 Flyers word list (official PDF)
camp,营,[sound:ad82e95a9c7482cf.mp3],core,Cambridge English A2 Flyers word list (official PDF)
card,卡片,[sound:5dd2199ad68327cc.mp3],core,Cambridge English A2 Flyers word list (official PDF)
cartoon,卡通片,[sound:46e25e123679ab1c.mp3],extended,Cambridge English A2 Flyers word list (official PDF)
castle,城堡,[sound:9355a9f9948fa985.mp3],extended,Cambridge English A2 Flyers word list (official PDF)
cave,洞穴,[sound:e386df9ee22e271d.mp3],core,Cambridge English A2 Flyers word list (official PDF)
century,世纪,[sound:151aa0094f11d845.mp3],extended,Cambridge English A2 Flyers word list (official PDF)
cereal,谷物,[sound:42a1751fa85f0a50.mp3],extended,Cambridge English A2 Flyers word list (official PDF)
channel,渠道,[sound:c485d2ed5cc4ce64.mp3],extended,Cambridge English A2 Flyers word list (official PDF)
chat,聊天,[sound:aa8af3ebe14831a7.mp3],core,Cambridge English A2 Flyers word list (official PDF)
cheap,便宜的,[sound:e40b34e3380d6d2b.mp3],core,Cambridge English A2 Flyers word list (official PDF)
chemist('s),化学家,[sound:69982f39092b212a.mp3],tricky,Cambridge English A2 Flyers word list (official PDF)
chess,棋,[sound:b016f48d898c745b.mp3],core,Cambridge English A2 Flyers word list (official PDF)
chopsticks,筷子,[sound:1c55726d7354d244.mp3],extended,Cambridge English A2 Flyers word list (official PDF)
club,俱乐部,[sound:95cc6b4ac5abdead.mp3],core,Cambridge English A2 Flyers word list (official PDF)
collect,收集,[sound:0788a6922bd5f9f1.mp3],extended,Cambridge English A2 Flyers word list (official PDF)
college,大学,[sound:b0edd88cd46d6f04.mp3],extended,Cambridge English A2 Flyers word list (official PDF)
comb,梳子,[sound:40a1269384fda0e2.mp3],core,Cambridge English A2 Flyers word list (official PDF)
competition,竞赛,[sound:3190dbf13beaf51d.mp3],extended,Cambridge English A2 Flyers word list (official PDF)
concert,音乐会,[sound:0909553c7a647d10.mp3],extended,Cambridge English A2 Flyers word list (official PDF)
conversation,对话,[sound:b24e9760291913ee.mp3],extended,Cambridge English A2 Flyers word list (official PDF)
cooker,炊具,[sound:1872ecb7cbf5bbf4.mp3],extended,Cambridge English A2 Flyers word list (official PDF)
cookie (UK biscuit),曲奇饼,[sound:2dccd1ab3e03990a.mp3],tricky,Cambridge English A2 Flyers word list (official PDF)
corner,角落,[sound:6e27392494718b70.mp3],extended,Cambridge English A2 Flyers word list (official PDF)
costume,戏服,[sound:4f99e8ee797ac772.mp3],extended,Cambridge English A2 Flyers word list (official PDF)
could (for possibility),可以,[sound:f0441366488bd123.mp3],tricky,Cambridge English A2 Flyers word list (official PDF)
creature,生物,[sound:8a52e7a8d3b4c955.mp3],extended,Cambridge English A2 Flyers word list (official PDF)
crown,王冠,[sound:408e69f65e4ddaf5.mp3],core,Cambridge English A2 Flyers word list (official PDF)
cushion,软垫,[sound:c136346b280c4957.mp3],extended,Cambridge English A2 Flyers word list (official PDF)
cut,切,[sound:fe47aa7c733c490d.mp3],core,Cambridge English A2 Flyers word list (official PDF)
cycle,循环,[sound:9a4c07402cc2f374.mp3],core,Cambridge English A2 Flyers word list (official PDF)
dark,黑暗的,[sound:a82fd95db10ff25d.mp3],core,Cambridge English A2 Flyers word list (official PDF)
date (as in time),日期,[sound:5fc732311905cb27.mp3],tricky,Cambridge English A2 Flyers word list (official PDF)
David,大卫,[sound:464e07afc9e46359.mp3],core,Cambridge English A2 Flyers word list (official PDF)
dear (as in Dear Harry),亲爱的,[sound:ff17bacf4c3020d5.mp3],tricky,Cambridge English A2 Flyers word list (official PDF)
December,十二月,[sound:82331503174acbae.mp3],extended,Cambridge English A2 Flyers word list (official PDF)
decide,决定,[sound:681647a719e45584.mp3],extended,Cambridge English A2 Flyers word list (official PDF)
deep,深的,[sound:6627415e807ee33c.mp3],core,Cambridge English A2 Flyers word list (official PDF)
delicious,可口的,[sound:d9f4b96fcf222c8f.mp3],extended,Cambridge English A2 Flyers word list (official PDF)
desert,沙漠,[sound:3fd6b6210e33bb04.mp3],extended,Cambridge English A2 Flyers word list (official PDF)
design,设计,[sound:31c13f47ad87dd7b.mp3],extended,Cambridge English A2 Flyers word list (official PDF)
designer,设计师,[sound:230ace927da4bb74.mp3],extended,Cambridge English A2 Flyers word list (official PDF)
diary,日记,[sound:23eee8e941181188.mp3],core,Cambridge English A2 Flyers word list (official PDF)
dictionary,字典,[sound:abc20d7bde1df257.mp3],extended,Cambridge English A2 Flyers word list (official PDF)
dinosaur,恐龙,[sound:03318769a5ee1354.mp3],extended,Cambridge English A2 Flyers word list (official PDF)
disappear,消失,[sound:eb17b0496bd600be.mp3],extended,Cambridge English A2 Flyers word list (official PDF)
drum,鼓,[sound:ac9bfee113e7ab68.mp3],core,Cambridge English A2 Flyers word list (official PDF)
during,期间,[sound:bc500dd033a84b00.mp3],extended,Cambridge English A2 Flyers word list (official PDF)
each,每个,[sound:933dd8674c563081.mp3],core,Cambridge English A2 Flyers word list (official PDF)
eagle,鹰,[sound:b09315ea09c6d3b5.mp3],core,Cambridge English A2 Flyers word list (official PDF)
early,早期的,[sound:2b3de800b4576343.mp3],core,Cambridge English A2 Flyers word list (official PDF)
Earth,地球,[sound:5cdd21c97f86686c.mp3],core,Cambridge English A2 Flyers word list (official PDF)
east,东方,[sound:320381dbf7cd2f31.mp3],core,Cambridge English A2 Flyers word list (official PDF)
elbow,弯头,[sound:ac2b72088d4f7523.mp3],core,Cambridge English A2 Flyers word list (official PDF)
else,别的,[sound:2954e92a9b4d0e99.mp3],core,Cambridge English A2 Flyers word list (official PDF)
Emma,艾玛,[sound:4535367f2f39b5a2.mp3],core,Cambridge English A2 Flyers word list (official PDF)
empty,空的,[sound:a2e4822a98337283.mp3],core,Cambridge English A2 Flyers word list (official PDF)
end,结尾,[sound:7f021a1415b86f2d.mp3],core,Cambridge English A2 Flyers word list (official PDF)
engine,引擎,[sound:ad1943a9fd6d3d7e.mp3],extended,Cambridge English A2 Flyers word list (official PDF)
engineer,工程师,[sound:9d127ff383d59526.mp3],extended,Cambridge English A2 Flyers word list (official PDF)
enormous,巨大的,[sound:cc2563de8ad57af7.mp3],extended,Cambridge English A2 Flyers word list (official PDF)
enough,足够的,[sound:edc1e3ea2ca4939a.mp3],extended,Cambridge English A2 Flyers word list (official PDF)
enter (a competition),进入,[sound:e2a7106f1cc8bb1e.mp3],tricky,Cambridge English A2 Flyers word list (official PDF)
entrance,入口,[sound:2a20afe023299a12.mp3],extended,Cambridge English A2 Flyers word list (official PDF)
envelope,信封,[sound:299a866d8c08b377.mp3],extended,Cambridge English A2 Flyers word list (official PDF)
environment,环境,[sound:e900e40bc91d3f9f.mp3],extended,Cambridge English A2 Flyers word list (official PDF)
ever,曾经,[sound:c8d11180c956e5b5.mp3],core,Cambridge English A2 Flyers word list (official PDF)
everywhere,到处,[sound:cbebc850f5f849e8.mp3],extended,Cambridge English A2 Flyers word list (official PDF)
excellent,出色的,[sound:7a3af604e52e2577.mp3],extended,Cambridge English A2 Flyers word list (official PDF)
excited,兴奋的,[sound:7b849a50da92f39d.mp3],extended,Cambridge English A2 Flyers word list (official PDF)
exit,出口,[sound:f24f62eeb789199b.mp3],core,Cambridge English A2 Flyers word list (official PDF)
expensive,昂贵的,[sound:f384d48efac7ae57.mp3],extended,Cambridge English A2 Flyers word list (official PDF)
explain,解释,[sound:979283b6c70653c5.mp3],extended,Cambridge English A2 Flyers word list (official PDF)
explore,探索,[sound:972c97bdc47dfc8d.mp3],extended,Cambridge English A2 Flyers word list (official PDF)
extinct,灭绝的,[sound:f89f75d0702ca67b.mp3],extended,Cambridge English A2 Flyers word list (official PDF)
factory,工厂,[sound:9549dd6065d01921.mp3],extended,Cambridge English A2 Flyers word list (official PDF)
fall (UK autumn),落下,[sound:96f223040672ea79.mp3],tricky,Cambridge English A2 Flyers word list (official PDF)
fall over,摔倒,[sound:9ba66d9ef889844d.mp3],tricky,Cambridge English A2 Flyers word list (official PDF)
far,远的,[sound:17d965747c701d6f.mp3],core,Cambridge English A2 Flyers word list (official PDF)
fast,快速地,[sound:31d4541b8e926a24.mp3],core,Cambridge English A2 Flyers word list (official PDF)
February,二月,[sound:659e59f062c75f81.mp3],extended,Cambridge English A2 Flyers word list (official PDF)
feel,感觉,[sound:88698b6a4506539f.mp3],core,Cambridge English A2 Flyers word list (official PDF)
festival,节日,[sound:ae8fc55ccdc61c98.mp3],extended,Cambridge English A2 Flyers word list (official PDF)
fetch,拿来,[sound:5374034a40c8d680.mp3],core,Cambridge English A2 Flyers word list (official PDF)
a few,几个,[sound:d32356ae23a43913.mp3],tricky,Cambridge English A2 Flyers word list (official PDF)
file (as in open and close a file),文件,[sound:8c7dd922ad47494f.mp3],tricky,Cambridge English A2 Flyers word list (official PDF)
find out,查出,[sound:5ad2c5b490a54c67.mp3],tricky,Cambridge English A2 Flyers word list (official PDF)
finger,手指,[sound:e7efda40b1c94805.mp3],extended,Cambridge English A2 Flyers word list (official PDF)
finish,结束,[sound:3248bc7547ce97b2.mp3],extended,Cambridge English A2 Flyers word list (official PDF)
fire,火,[sound:015f28b9df1bdd36.mp3],core,Cambridge English A2 Flyers word list (official PDF)
fire engine (US fire truck),消防车,[sound:64cd2db408bdab31.mp3],tricky,Cambridge English A2 Flyers word list (official PDF)
fire fighter,消防员,[sound:9c00d42793a43e8f.mp3],tricky,Cambridge English A2 Flyers word list (official PDF)
fire station,消防局,[sound:d00ebc44df334ca3.mp3],tricky,Cambridge English A2 Flyers word list (official PDF)
flag,旗帜,[sound:327a6c4304ad5938.mp3],core,Cambridge English A2 Flyers word list (official PDF)
flashlight (UK torch),手电筒,[sound:d051e0c9448d3764.mp3],tricky,Cambridge English A2 Flyers word list (official PDF)
flour,面粉,[sound:61f2982918cfbafc.mp3],core,Cambridge English A2 Flyers word list (official PDF)
fog,多雾路段,[sound:3811727de5b0ddf6.mp3],core,Cambridge English A2 Flyers word list (official PDF)
foggy,有雾的,[sound:f666a8be6b2e0c1f.mp3],core,Cambridge English A2 Flyers word list (official PDF)
follow,跟随,[sound:a4010945e4bd924b.mp3],extended,Cambridge English A2 Flyers word list (official PDF)
for prep of time forget,为了准备时间忘记,[sound:e85a7c9992bebcfb.mp3],tricky,Cambridge English A2 Flyers word list (official PDF)
fork,叉,[sound:b2fcb4ba898f4797.mp3],core,Cambridge English A2 Flyers word list (official PDF)
Frank,坦率,[sound:f9dc77cece7fa16f.mp3],core,Cambridge English A2 Flyers word list (official PDF)
fridge,冰箱,[sound:2be977f3ff92dd10.mp3],extended,Cambridge English A2 Flyers word list (official PDF)
friendly,友好的,[sound:be68582f77aecadc.mp3],extended,Cambridge English A2 Flyers word list (official PDF)
frightening,令人恐惧的,[sound:8e608ab527b56d43.mp3],extended,Cambridge English A2 Flyers word list (official PDF)
front,正面,[sound:e6ec529ba185279a.mp3],core,Cambridge English A2 Flyers word list (official PDF)
full,满的,[sound:e9dc924f238fa6cc.mp3],core,Cambridge English A2 Flyers word list (official PDF)
fur,毛皮,[sound:40bc2c3326dcc0c9.mp3],core,Cambridge English A2 Flyers word list (official PDF)
furry,毛茸茸的,[sound:f96af09d8bd35393.mp3],core,Cambridge English A2 Flyers word list (official PDF)
future,未来,[sound:da907a1b8f74e692.mp3],extended,Cambridge English A2 Flyers word list (official PDF)
gate,门,[sound:63d721d24d2dde77.mp3],core,Cambridge English A2 Flyers word list (official PDF)
geography,地理,[sound:996dfb007ba9e551.mp3],extended,Cambridge English A2 Flyers word list (official PDF)
George,乔治,[sound:578ad8e10dc4edb5.mp3],extended,Cambridge English A2 Flyers word list (official PDF)
get to,到达,[sound:59ee7a5a0d326ed9.mp3],tricky,Cambridge English A2 Flyers word list (official PDF)
glass,玻璃,[sound:2570c919f5ef1d70.mp3],core,Cambridge English A2 Flyers word list (official PDF)
glove,手套,[sound:ea9e801b0d806f23.mp3],core,Cambridge English A2 Flyers word list (official PDF)
glue,胶水,[sound:1ed4de8986cf6e4a.mp3],core,Cambridge English A2 Flyers word list (official PDF)
go away,离开,[sound:158ee90f12f717dc.mp3],tricky,Cambridge English A2 Flyers word list (official PDF)
go out,出去,[sound:f0ebc176acb87aaf.mp3],tricky,Cambridge English A2 Flyers word list (official PDF)
gold,金子,[sound:e07e81c20cf5935f.mp3],core,Cambridge English A2 Flyers word list (official PDF)
golf,高尔夫球,[sound:c6cf642b8f1cac11.mp3],core,Cambridge English A2 Flyers word list (official PDF)
group,团体,[sound:db0f6f37ebeb6ea0.mp3],core,Cambridge English A2 Flyers word list (official PDF)
guess,猜测,[sound:4142047431f5f974.mp3],core,Cambridge English A2 Flyers word list (official PDF)
gym,健身房,[sound:e4d81f13f96fb9bc.mp3],core,Cambridge English A2 Flyers word list (official PDF)
half,一半,[sound:7afe399f1415b137.mp3],core,Cambridge English A2 Flyers word list (official PDF)
happen,发生,[sound:00abeeeae7a8ed66.mp3],extended,Cambridge English A2 Flyers word list (official PDF)
hard,难的,[sound:d64a84456adc959f.mp3],core,Cambridge English A2 Flyers word list (official PDF)
Harry,哈利,[sound:db05833c29e688b5.mp3],core,Cambridge English A2 Flyers word list (official PDF)
hate,恨,[sound:0e609404e53b251f.mp3],core,Cambridge English A2 Flyers word list (official PDF)
hear,听到,[sound:613d5e4f4cd6c686.mp3],core,Cambridge English A2 Flyers word list (official PDF)
heavy,重的,[sound:7cfe64ea44dc3bbe.mp3],core,Cambridge English A2 Flyers word list (official PDF)
Helen,海伦,[sound:29e00d3659d1c5e7.mp3],core,Cambridge English A2 Flyers word list (official PDF)
high,高的,[sound:8d966b2253a91708.mp3],core,Cambridge English A2 Flyers word list (official PDF)
hill,爬坡道,[sound:debaee4affbeaba9.mp3],core,Cambridge English A2 Flyers word list (official PDF)
history,历史,[sound:3cd15f8f2940aff8.mp3],extended,Cambridge English A2 Flyers word list (official PDF)
hole,洞,[sound:de97e75e5b460452.mp3],core,Cambridge English A2 Flyers word list (official PDF)
Holly,冬青,[sound:c75c2126061533bf.mp3],core,Cambridge English A2 Flyers word list (official PDF)
honey,蜂蜜,[sound:b60eb83bf533eecf.mp3],core,Cambridge English A2 Flyers word list (official PDF)
hope,希望,[sound:8c728e685ddde9f7.mp3],core,Cambridge English A2 Flyers word list (official PDF)
horrible,可怕,[sound:dda10458ea5ff9de.mp3],extended,Cambridge English A2 Flyers word list (official PDF)
hotel,酒店,[sound:e919c49d5f0cd737.mp3],core,Cambridge English A2 Flyers word list (official PDF)
hour,小时,[sound:896c55cc5e46fab3.mp3],core,Cambridge English A2 Flyers word list (official PDF)
how long,多长时间,[sound:849ba522751a8c63.mp3],tricky,Cambridge English A2 Flyers word list (official PDF)
hurry,匆忙,[sound:79ac065e81b44be3.mp3],core,Cambridge English A2 Flyers word list (official PDF)
husband,丈夫,[sound:a2d4100de5a4c446.mp3],extended,Cambridge English A2 Flyers word list (official PDF)
if,如果,[sound:39c8942e1038872a.mp3],core,Cambridge English A2 Flyers word list (official PDF)
if you want,如果你想,[sound:c71240a42a7f4f94.mp3],tricky,Cambridge English A2 Flyers word list (official PDF)
important,重要的,[sound:48818f3da3d36ad7.mp3],extended,Cambridge English A2 Flyers word list (official PDF)
improve,提升,[sound:33c0478b996aa768.mp3],extended,Cambridge English A2 Flyers word list (official PDF)
in a minute,一分钟后,[sound:43d6cb1b3fee4835.mp3],tricky,Cambridge English A2 Flyers word list (official PDF)
information,信息,[sound:bb3ccd5881d65144.mp3],extended,Cambridge English A2 Flyers word list (official PDF)
insect,昆虫,[sound:dce41a93f7edb175.mp3],extended,Cambridge English A2 Flyers word list (official PDF)
instead,反而,[sound:8dee49165153fc68.mp3],extended,Cambridge English A2 Flyers word list (official PDF)
instrument,乐器,[sound:2d083cc4d6c7dfd9.mp3],extended,Cambridge English A2 Flyers word list (official PDF)
interested,感兴趣的,[sound:02641a6848cacbd6.mp3],extended,Cambridge English A2 Flyers word list (official PDF)
interesting,有趣的,[sound:a76637b62ea99acd.mp3],extended,Cambridge English A2 Flyers word list (official PDF)
invent,发明,[sound:1b9dc195c72d59c6.mp3],extended,Cambridge English A2 Flyers word list (official PDF)
invitation,邀请函,[sound:7341db8eb3e39bdb.mp3],extended,Cambridge English A2 Flyers word list (official PDF)
jam,果酱,[sound:5275cb415e5bc394.mp3],core,Cambridge English A2 Flyers word list (official PDF)
January,一月,[sound:86f5978d9b80124f.mp3],extended,Cambridge English A2 Flyers word list (official PDF)
job,工作,[sound:9dddd5ce1b1375bc.mp3],core,Cambridge English A2 Flyers word list (official PDF)
join (a club),加入,[sound:731b886d80d2ea13.mp3],tricky,Cambridge English A2 Flyers word list (official PDF)
journalist,记者,[sound:82ad21b5762c06c3.mp3],extended,Cambridge English A2 Flyers word list (official PDF)
journey,旅行,[sound:98dc0157e90a9b28.mp3],extended,Cambridge English A2 Flyers word list (official PDF)
July,七月,[sound:1b539f6f34e8503c.mp3],core,Cambridge English A2 Flyers word list (official PDF)
June,六月,[sound:688937ccaf2a2b0c.mp3],core,Cambridge English A2 Flyers word list (official PDF)
just,只是,[sound:8134b84030cca528.mp3],core,Cambridge English A2 Flyers word list (official PDF)
Katy,凯蒂,[sound:3225d24edf6b0aec.mp3],core,Cambridge English A2 Flyers word list (official PDF)
keep,保持,[sound:18ccf61d533b600b.mp3],core,Cambridge English A2 Flyers word list (official PDF)
key,钥匙,[sound:3c6e0b8a9c15224a.mp3],core,Cambridge English A2 Flyers word list (official PDF)
kilometre (US kilometer),公里,[sound:1921596d8e6f8748.mp3],tricky,Cambridge English A2 Flyers word list (official PDF)
kind,种类,[sound:d939aaf7d2291c6f.mp3],core,Cambridge English A2 Flyers word list (official PDF)
king,国王,[sound:b2086154f101464a.mp3],core,Cambridge English A2 Flyers word list (official PDF)
knee,膝盖,[sound:22b84b6e35ace0cd.mp3],core,Cambridge English A2 Flyers word list (official PDF)
knife,刀,[sound:4cbfe67340292113.mp3],core,Cambridge English A2 Flyers word list (official PDF)
land,土地,[sound:87cf962b35146c21.mp3],core,Cambridge English A2 Flyers word list (official PDF)
language,语言,[sound:8512ae7d57b13962.mp3],extended,Cambridge English A2 Flyers word list (official PDF)
large,大的,[sound:afacdb0a401ccdf6.mp3],core,Cambridge English A2 Flyers word list (official PDF)
late,晚的,[sound:f2c67381db28fa11.mp3],core,Cambridge English A2 Flyers word list (official PDF)
later,之后,[sound:c18788c2f274c779.mp3],core,Cambridge English A2 Flyers word list (official PDF)
lazy,懒惰的,[sound:0ffe34b4e04c2b28.mp3],core,Cambridge English A2 Flyers word list (official PDF)
leave,离开,[sound:6c374e70334072ae.mp3],core,Cambridge English A2 Flyers word list (official PDF)
left (as in direction),左边,[sound:811882fecd5c7618.mp3],tricky,Cambridge English A2 Flyers word list (official PDF)
let,让,[sound:e1686078d1b60d35.mp3],core,Cambridge English A2 Flyers word list (official PDF)
letter (as in mail),信,[sound:f5b75010ea8a54b9.mp3],tricky,Cambridge English A2 Flyers word list (official PDF)
lie (as in lie down),说谎,[sound:2a2f953aacab0ef3.mp3],tricky,Cambridge English A2 Flyers word list (official PDF)
lift (ride),举起,[sound:969beeb6d80f0d8d.mp3],tricky,Cambridge English A2 Flyers word list (official PDF)
lift,举起,[sound:969beeb6d80f0d8d.mp3],core,Cambridge English A2 Flyers word list (official PDF)
light,光,[sound:2ac43aa43bf473f9.mp3],core,Cambridge English A2 Flyers word list (official PDF)
a little,一点,[sound:225ca0b4604f639c.mp3],tricky,Cambridge English A2 Flyers word list (official PDF)
London,伦敦,[sound:59ead8d1e124ccfb.mp3],extended,Cambridge English A2 Flyers word list (official PDF)
look after,照顾,[sound:50d5b9b739ca88d2.mp3],tricky,Cambridge English A2 Flyers word list (official PDF)
look like,看起来像,[sound:c8845ad6a3fb9f3a.mp3],tricky,Cambridge English A2 Flyers word list (official PDF)
lovely,迷人的,[sound:061fba5bdfc076bb.mp3],extended,Cambridge English A2 Flyers word list (official PDF)
low,低的,[sound:53cced8d281a1a0a.mp3],core,Cambridge English A2 Flyers word list (official PDF)
lucky,幸运的,[sound:339a65e93299ad8d.mp3],core,Cambridge English A2 Flyers word list (official PDF)
magazine,杂志,[sound:4014e2d4452343d7.mp3],extended,Cambridge English A2 Flyers word list (official PDF)
make sure,确保,[sound:c8fa7fbac605c655.mp3],tricky,Cambridge English A2 Flyers word list (official PDF)
manager,经理,[sound:1d0258c2440a8d19.mp3],extended,Cambridge English A2 Flyers word list (official PDF)
March,行进,[sound:fa3e5edac607a88d.mp3],core,Cambridge English A2 Flyers word list (official PDF)
married,已婚,[sound:4750ac30159ebf45.mp3],extended,Cambridge English A2 Flyers word list (official PDF)
match (football),匹配,[sound:e3cc92c14a5e6dd1.mp3],tricky,Cambridge English A2 Flyers word list (official PDF)
maths (US math),数学,[sound:d939e7a6b17e374c.mp3],tricky,Cambridge English A2 Flyers word list (official PDF)
May,可能,[sound:195fbb57ffe74497.mp3],core,Cambridge English A2 Flyers word list (official PDF)
meal,一顿饭,[sound:d9ed7694f0cdbc0c.mp3],core,Cambridge English A2 Flyers word list (official PDF)
mechanic,机械,[sound:bcd8b14bbfc1b0ae.mp3],extended,Cambridge English A2 Flyers word list (official PDF)
medicine,药品,[sound:d9e5d212320e7d96.mp3],extended,Cambridge English A2 Flyers word list (official PDF)
meet,见面,[sound:df421bd994d485f5.mp3],core,Cambridge English A2 Flyers word list (official PDF)
meeting,会议,[sound:d48788168076b999.mp3],extended,Cambridge English A2 Flyers word list (official PDF)
member,成员,[sound:aa08769cdcb26674.mp3],extended,Cambridge English A2 Flyers word list (official PDF)
metal,金属,[sound:86094b61cb9f63b7.mp3],core,Cambridge English A2 Flyers word list (official PDF)
Michael,迈克尔,[sound:3e06fa3927cbdf4e.mp3],extended,Cambridge English A2 Flyers word list (official PDF)
midday,正午,[sound:a1388c34abd4f671.mp3],extended,Cambridge English A2 Flyers word list (official PDF)
middle,中间,[sound:4a548addbfb239bb.mp3],extended,Cambridge English A2 Flyers word list (official PDF)
midnight,午夜,[sound:1506aeeb8c3a699b.mp3],extended,Cambridge English A2 Flyers word list (official PDF)
might,可能,[sound:ad88adbdac50799a.mp3],core,Cambridge English A2 Flyers word list (official PDF)
million,百万,[sound:bafd00e88d3bc205.mp3],extended,Cambridge English A2 Flyers word list (official PDF)
mind,头脑,[sound:ca4152fe6cdd26b7.mp3],core,Cambridge English A2 Flyers word list (official PDF)
minute,分钟,[sound:0a7d55be9d12a369.mp3],extended,Cambridge English A2 Flyers word list (official PDF)
missing,丢失的,[sound:ea21841da70e6405.mp3],extended,Cambridge English A2 Flyers word list (official PDF)
mix,混合,[sound:da386e629171b833.mp3],core,Cambridge English A2 Flyers word list (official PDF)
money,钱,[sound:9726255eec083aa5.mp3],core,Cambridge English A2 Flyers word list (official PDF)
month,月,[sound:7436f942d5ea836c.mp3],core,Cambridge English A2 Flyers word list (official PDF)
motorway,高速公路,[sound:b2092b8d0aada160.mp3],extended,Cambridge English A2 Flyers word list (official PDF)
much,很多,[sound:ef56b0b0ddb93c28.mp3],core,Cambridge English A2 Flyers word list (official PDF)
museum,博物馆,[sound:eb0ea0bc6c91e1e8.mp3],extended,Cambridge English A2 Flyers word list (official PDF)
necklace,项链,[sound:bb7409e82cb01b88.mp3],extended,Cambridge English A2 Flyers word list (official PDF)
nest,巢,[sound:99475e3ed1620ac4.mp3],core,Cambridge English A2 Flyers word list (official PDF)
news,消息,[sound:508c75c8507a2ae5.mp3],core,Cambridge English A2 Flyers word list (official PDF)
newspaper,报纸,[sound:69da234ae73a51cb.mp3],extended,Cambridge English A2 Flyers word list (official PDF)
next,下一个,[sound:d0cab90d8d20d57e.mp3],core,Cambridge English A2 Flyers word list (official PDF)
no problem,没问题,[sound:3d3d9e5241728f93.mp3],tricky,Cambridge English A2 Flyers word list (official PDF)
noisy,嘈杂,[sound:5f2bc8db49c998db.mp3],core,Cambridge English A2 Flyers word list (official PDF)
no-one,没有人,[sound:689274002237a482.mp3],tricky,Cambridge English A2 Flyers word list (official PDF)
north,北,[sound:8d8d1437907bca79.mp3],core,Cambridge English A2 Flyers word list (official PDF)
November,十一月,[sound:7e823b37564da492.mp3],extended,Cambridge English A2 Flyers word list (official PDF)
nowhere,无处,[sound:03840d46dad93250.mp3],extended,Cambridge English A2 Flyers word list (official PDF)
ocean,海洋,[sound:45d20b1d2cc2d52e.mp3],core,Cambridge English A2 Flyers word list (official PDF)
October,十月,[sound:eca60ae8611369fe.mp3],extended,Cambridge English A2 Flyers word list (official PDF)
octopus,章鱼,[sound:fcf1eed859669962.mp3],extended,Cambridge English A2 Flyers word list (official PDF)
of course,当然,[sound:0ca964bb74251fce.mp3],tricky,Cambridge English A2 Flyers word list (official PDF)
office,办公室,[sound:e72f4545eb68c96c.mp3],extended,Cambridge English A2 Flyers word list (official PDF)
Oliver,奥利弗,[sound:27090706d42a2525.mp3],extended,Cambridge English A2 Flyers word list (official PDF)
olives,橄榄,[sound:db79e16594b0f8d2.mp3],extended,Cambridge English A2 Flyers word list (official PDF)
once,一次,[sound:e2eff6c2dafd909d.mp3],core,Cambridge English A2 Flyers word list (official PDF)
online,在线的,[sound:7f46165474d11ee5.mp3],extended,Cambridge English A2 Flyers word list (official PDF)
other,其他,[sound:795f3202b17cb6bc.mp3],core,Cambridge English A2 Flyers word list (official PDF)
oven,烤箱,[sound:2eb6869481471d70.mp3],core,Cambridge English A2 Flyers word list (official PDF)
over,超过,[sound:3b759a9ca8023456.mp3],core,Cambridge English A2 Flyers word list (official PDF)
p.m. (for time),下午,[sound:e66e8a1a8f96a080.mp3],tricky,Cambridge English A2 Flyers word list (official PDF)
pajamas (UK pyjamas),睡衣,[sound:fa3f7aa5d0f65346.mp3],tricky,Cambridge English A2 Flyers word list (official PDF)
passenger,乘客,[sound:4e85eddf886882ca.mp3],extended,Cambridge English A2 Flyers word list (official PDF)
past,过去的,[sound:68e2d83709f31793.mp3],core,Cambridge English A2 Flyers word list (official PDF)
path,小路,[sound:d6fe1d0be6347b8e.mp3],core,Cambridge English A2 Flyers word list (official PDF)
pepper,胡椒,[sound:b3f952d5d9adea6f.mp3],extended,Cambridge English A2 Flyers word list (official PDF)
perhaps,也许,[sound:48643de4e709ff78.mp3],extended,Cambridge English A2 Flyers word list (official PDF)
photographer,摄影师,[sound:ab5b03817caa01c4.mp3],extended,Cambridge English A2 Flyers word list (official PDF)
piece,片,[sound:5ae347410caf4613.mp3],core,Cambridge English A2 Flyers word list (official PDF)
pilot,飞行员,[sound:a3452f94738cbeef.mp3],core,Cambridge English A2 Flyers word list (official PDF)
pizza,比萨,[sound:7cf2db5ec261a0fa.mp3],core,Cambridge English A2 Flyers word list (official PDF)
planet,行星,[sound:5f295bce38d311f2.mp3],extended,Cambridge English A2 Flyers word list (official PDF)
plastic,塑料,[sound:3f01a108d7ed6079.mp3],extended,Cambridge English A2 Flyers word list (official PDF)
platform,平台,[sound:34a6e5d64ade17ef.mp3],extended,Cambridge English A2 Flyers word list (official PDF)
pleased,高兴,[sound:9be78c2b7882913b.mp3],extended,Cambridge English A2 Flyers word list (official PDF)
pocket,口袋,[sound:9aa91f81de7610b3.mp3],extended,Cambridge English A2 Flyers word list (official PDF)
police officer,警官,[sound:3c11a4ad969604de.mp3],tricky,Cambridge English A2 Flyers word list (official PDF)
police station,警察局,[sound:b0ac271cd511270d.mp3],tricky,Cambridge English A2 Flyers word list (official PDF)
pond,池塘,[sound:d873154f06723343.mp3],core,Cambridge English A2 Flyers word list (official PDF)
poor,贫穷的,[sound:5cffaf9375c0ef1d.mp3],core,Cambridge English A2 Flyers word list (official PDF)
pop music,流行音乐,[sound:56b810548d5c105c.mp3],tricky,Cambridge English A2 Flyers word list (official PDF)
popular,受欢迎的,[sound:5fa3852b08951fcd.mp3],extended,Cambridge English A2 Flyers word list (official PDF)
post,邮政,[sound:42b90196b487c540.mp3],core,Cambridge English A2 Flyers word list (official PDF)
post office,邮局,[sound:6c337334520251d8.mp3],tricky,Cambridge English A2 Flyers word list (official PDF)
postcard,明信片,[sound:ae76ff49d7dc8473.mp3],extended,Cambridge English A2 Flyers word list (official PDF)
prefer,更喜欢,[sound:02a048690ba283e3.mp3],extended,Cambridge English A2 Flyers word list (official PDF)
prepare,准备,[sound:0ee63ccea22773b7.mp3],extended,Cambridge English A2 Flyers word list (official PDF)
prize,奖,[sound:4fcdcb5e7b6131e5.mp3],core,Cambridge English A2 Flyers word list (official PDF)
problem,问题,[sound:0861a099e9593791.mp3],extended,Cambridge English A2 Flyers word list (official PDF)
programme (US program),程序,[sound:e82324fc57b0a4ff.mp3],tricky,Cambridge English A2 Flyers word list (official PDF)
project,项目,[sound:46f86faa6bbf9ac9.mp3],extended,Cambridge English A2 Flyers word list (official PDF)
pull,拉,[sound:f43dff9a0dc54f06.mp3],core,Cambridge English A2 Flyers word list (official PDF)
push,推,[sound:21a361d96e3e13f5.mp3],core,Cambridge English A2 Flyers word list (official PDF)
puzzle,谜,[sound:2d8aa42a0347c2d6.mp3],extended,Cambridge English A2 Flyers word list (official PDF)
pyjamas (US pajamas),睡衣,[sound:8bed01677b0d8eb3.mp3],tricky,Cambridge English A2 Flyers word list (official PDF)
pyramid,金字塔,[sound:437233c74e25fe50.mp3],extended,Cambridge English A2 Flyers word list (official PDF)
quarter,四分之一,[sound:ac9e2504b3cf2cad.mp3],extended,Cambridge English A2 Flyers word list (official PDF)
queen,女王,[sound:72545f3f86fad045.mp3],core,Cambridge English A2 Flyers word list (official PDF)
quite,相当,[sound:1a505b46f54bdd13.mp3],core,Cambridge English A2 Flyers word list (official PDF)
quiz,测验,[sound:da89e38d2085d08a.mp3],core,Cambridge English A2 Flyers word list (official PDF)
race,种族,[sound:2e2a7a2e57d1578b.mp3],core,Cambridge English A2 Flyers word list (official PDF)
racing (car; bike),赛车,[sound:6210325f74de8222.mp3],tricky,Cambridge English A2 Flyers word list (official PDF)
railway,铁路,[sound:0edf49df2720a145.mp3],extended,Cambridge English A2 Flyers word list (official PDF)
ready,准备好,[sound:b2fdab230a2c39f3.mp3],core,Cambridge English A2 Flyers word list (official PDF)
remember,记住,[sound:dc3c99bb4e249a95.mp3],extended,Cambridge English A2 Flyers word list (official PDF)
repair,维修,[sound:9ab776b93b3c6bbb.mp3],extended,Cambridge English A2 Flyers word list (official PDF)
repeat,重复,[sound:32cf6da134a8b268.mp3],extended,Cambridge English A2 Flyers word list (official PDF)
restaurant,餐厅,[sound:6d4b62960a6aa2b1.mp3],extended,Cambridge English A2 Flyers word list (official PDF)
rich,富有的,[sound:e7f4f8bd246c2354.mp3],core,Cambridge English A2 Flyers word list (official PDF)
Richard,理查德,[sound:c51c8bbd9e8c8bc4.mp3],extended,Cambridge English A2 Flyers word list (official PDF)
right,正确的,[sound:7c4f29407893c334.mp3],core,Cambridge English A2 Flyers word list (official PDF)
right (as in direction),正确的,[sound:7c4f29407893c334.mp3],tricky,Cambridge English A2 Flyers word list (official PDF)
ring,戒指,[sound:1a5df958e0f29d35.mp3],core,Cambridge English A2 Flyers word list (official PDF)
Robert,罗伯特,[sound:4ffe35db90d94c60.mp3],extended,Cambridge English A2 Flyers word list (official PDF)
rock music,摇滚音乐,[sound:275bb66de8c563a5.mp3],tricky,Cambridge English A2 Flyers word list (official PDF)
rocket,火箭,[sound:fdfedc01c66e9ea2.mp3],extended,Cambridge English A2 Flyers word list (official PDF)
rucksack (US backpack),背包,[sound:4c70c8de8913a76d.mp3],tricky,Cambridge English A2 Flyers word list (official PDF)
salt,盐,[sound:ceb20772e0c9d240.mp3],core,Cambridge English A2 Flyers word list (official PDF)
same,相同的,[sound:51037a4a37730f52.mp3],core,Cambridge English A2 Flyers word list (official PDF)
Sarah,莎拉,[sound:28e5481a80aa2bd1.mp3],core,Cambridge English A2 Flyers word list (official PDF)
save,节省,[sound:43781db5c40ecc39.mp3],core,Cambridge English A2 Flyers word list (official PDF)
science,科学,[sound:fb5c7f9bb4b32ce2.mp3],extended,Cambridge English A2 Flyers word list (official PDF)
scissors,剪刀,[sound:7d89153387e0f3ff.mp3],extended,Cambridge English A2 Flyers word list (official PDF)
score,分数,[sound:ca1cd3c3055991bf.mp3],core,Cambridge English A2 Flyers word list (official PDF)
screen,屏幕,[sound:599eba19aa93a929.mp3],extended,Cambridge English A2 Flyers word list (official PDF)
search,搜索,[sound:06a943c59f33a34b.mp3],extended,Cambridge English A2 Flyers word list (official PDF)
secret,秘密,[sound:5ebe2294ecd0e0f0.mp3],extended,Cambridge English A2 Flyers word list (official PDF)
sell,卖,[sound:8325324b47e1e62a.mp3],core,Cambridge English A2 Flyers word list (official PDF)
September,九月,[sound:cc5d90569e1c8313.mp3],extended,Cambridge English A2 Flyers word list (official PDF)
several,一些,[sound:c902a61794c63ac7.mp3],extended,Cambridge English A2 Flyers word list (official PDF)
shampoo,洗发水,[sound:186764a607df448c.mp3],extended,Cambridge English A2 Flyers word list (official PDF)
shelf,架子,[sound:1f6503307f1eb3ea.mp3],core,Cambridge English A2 Flyers word list (official PDF)
should,应该,[sound:55f195813a158d82.mp3],extended,Cambridge English A2 Flyers word list (official PDF)
silver,银,[sound:97f014516561ef48.mp3],extended,Cambridge English A2 Flyers word list (official PDF)
since,自从,[sound:50324905c471f3d4.mp3],core,Cambridge English A2 Flyers word list (official PDF)
singer,歌手,[sound:05011fc72802a068.mp3],extended,Cambridge English A2 Flyers word list (official PDF)
ski,滑雪,[sound:51d1f7159e9bd983.mp3],core,Cambridge English A2 Flyers word list (official PDF)
skyscraper,摩天大楼,[sound:ff80dfbce0028779.mp3],extended,Cambridge English A2 Flyers word list (official PDF)
sledge,雪橇,[sound:abb647c22e347e6b.mp3],extended,Cambridge English A2 Flyers word list (official PDF)
smell,闻,[sound:d938ad5cbe68bec4.mp3],core,Cambridge English A2 Flyers word list (official PDF)
snack,小吃,[sound:287c683aedfe88bb.mp3],core,Cambridge English A2 Flyers word list (official PDF)
snowball,滚雪球,[sound:3b9787927ecbf1b5.mp3],extended,Cambridge English A2 Flyers word list (official PDF)
snowboard,滑雪板,[sound:73271d08680510a9.mp3],extended,Cambridge English A2 Flyers word list (official PDF)
snowboarding,单板滑雪,[sound:65109486fd7435ca.mp3],extended,Cambridge English A2 Flyers word list (official PDF)
snowman,雪人,[sound:b932a6ec0f3bef99.mp3],extended,Cambridge English A2 Flyers word list (official PDF)
so,所以,[sound:b807023f87e63b8a.mp3],core,Cambridge English A2 Flyers word list (official PDF)
soap,肥皂,[sound:cbf4e0b797105176.mp3],core,Cambridge English A2 Flyers word list (official PDF)
soft,柔软的,[sound:dc58a7971816b41f.mp3],core,Cambridge English A2 Flyers word list (official PDF)
somewhere,某处,[sound:59ea424568c393a3.mp3],extended,Cambridge English A2 Flyers word list (official PDF)
soon,很快,[sound:cd9bd96e12a2897f.mp3],core,Cambridge English A2 Flyers word list (official PDF)
Sophia,索菲亚,[sound:ba15a18cd3a8fb56.mp3],extended,Cambridge English A2 Flyers word list (official PDF)
sore,疮,[sound:a187f64b4907d319.mp3],core,Cambridge English A2 Flyers word list (official PDF)
sound,声音,[sound:0b8263d341de01f7.mp3],core,Cambridge English A2 Flyers word list (official PDF)
south,南,[sound:50fd76e33fe5b961.mp3],core,Cambridge English A2 Flyers word list (official PDF)
space,空间,[sound:ff2364a0be3d20e4.mp3],core,Cambridge English A2 Flyers word list (official PDF)
spaceship,飞船,[sound:07f8318f740f73cb.mp3],extended,Cambridge English A2 Flyers word list (official PDF)
speak,说话,[sound:69378f8c051ff8c5.mp3],core,Cambridge English A2 Flyers word list (official PDF)
special,特别的,[sound:0bd6506986ec42e7.mp3],extended,Cambridge English A2 Flyers word list (official PDF)
spend,花费,[sound:d998ff3a339f9318.mp3],core,Cambridge English A2 Flyers word list (official PDF)
spoon,勺子,[sound:4b8e23084e0f4d55.mp3],core,Cambridge English A2 Flyers word list (official PDF)
spot,点,[sound:b2e189abf85e809a.mp3],core,Cambridge English A2 Flyers word list (official PDF)
spotted,斑,[sound:5177d121d52eb809.mp3],extended,Cambridge English A2 Flyers word list (official PDF)
spring,春天,[sound:2a2d595e6ed9a0b2.mp3],extended,Cambridge English A2 Flyers word list (official PDF)
stadium,体育场,[sound:1424ca49c88f7234.mp3],extended,Cambridge English A2 Flyers word list (official PDF)
stage (theatre),阶段,[sound:9a8c2b9d518bc163.mp3],tricky,Cambridge English A2 Flyers word list (official PDF)
stamp,邮票,[sound:96b8c78de832e9d7.mp3],core,Cambridge English A2 Flyers word list (official PDF)
stay,停留,[sound:99be1ee67a013709.mp3],core,Cambridge English A2 Flyers word list (official PDF)
step,步,[sound:2764ca9d34e90313.mp3],core,Cambridge English A2 Flyers word list (official PDF)
still,仍然,[sound:df55340f75b5da45.mp3],core,Cambridge English A2 Flyers word list (official PDF)
stone,石头,[sound:0a840ef45467fb39.mp3],core,Cambridge English A2 Flyers word list (official PDF)
storm,风暴,[sound:849c829d658baaef.mp3],core,Cambridge English A2 Flyers word list (official PDF)
straight on,直接,[sound:ec35753d7eb596b1.mp3],tricky,Cambridge English A2 Flyers word list (official PDF)
strange,奇怪的,[sound:73a6fcb016535503.mp3],extended,Cambridge English A2 Flyers word list (official PDF)
strawberry,草莓,[sound:495bf9840649ee1e.mp3],extended,Cambridge English A2 Flyers word list (official PDF)
stream,溪流,[sound:f7b44cfafd5c5222.mp3],extended,Cambridge English A2 Flyers word list (official PDF)
stripe,条纹,[sound:8a98c86b49d93794.mp3],extended,Cambridge English A2 Flyers word list (official PDF)
striped,有条纹的,[sound:615226bc5d8900fd.mp3],extended,Cambridge English A2 Flyers word list (official PDF)
student,学生,[sound:cd73502828457d15.mp3],extended,Cambridge English A2 Flyers word list (official PDF)
study,学习,[sound:2cd1c6ecec2c6d90.mp3],core,Cambridge English A2 Flyers word list (official PDF)
subject,主题,[sound:b5e3374e43f65448.mp3],extended,Cambridge English A2 Flyers word list (official PDF)
such,这样的,[sound:6f129a2e6e103ea3.mp3],core,Cambridge English A2 Flyers word list (official PDF)
suddenly,突然,[sound:42ac3f9444573b89.mp3],extended,Cambridge English A2 Flyers word list (official PDF)
sugar,糖,[sound:ada15bd1a5ddf0b7.mp3],core,Cambridge English A2 Flyers word list (official PDF)
suitcase,手提箱,[sound:15b7493d0730c0e7.mp3],extended,Cambridge English A2 Flyers word list (official PDF)
summer,夏天,[sound:6b1628b016dff46e.mp3],extended,Cambridge English A2 Flyers word list (official PDF)
sunglasses,太阳镜,[sound:2cc465e3eef5bff0.mp3],extended,Cambridge English A2 Flyers word list (official PDF)
sure,当然,[sound:d5e1f5a7f2fe3dab.mp3],core,Cambridge English A2 Flyers word list (official PDF)
surname,姓,[sound:e8911889a7780cda.mp3],extended,Cambridge English A2 Flyers word list (official PDF)
surprise,惊喜,[sound:b467e81969c71b4c.mp3],extended,Cambridge English A2 Flyers word list (official PDF)
swan,天鹅,[sound:fb52a20dbf0f8d7b.mp3],core,Cambridge English A2 Flyers word list (official PDF)
swing,摇摆,[sound:ce04e521db2557ac.mp3],core,Cambridge English A2 Flyers word list (official PDF)
take (as in time e.g. it takes 20 minutes),拿,[sound:600d6af0f320a021.mp3],tricky,Cambridge English A2 Flyers word list (official PDF)
taste,品尝,[sound:cad1c068cb62b068.mp3],core,Cambridge English A2 Flyers word list (official PDF)
taxi,出租车,[sound:35e768d3043c55b5.mp3],core,Cambridge English A2 Flyers word list (official PDF)
team,团队,[sound:f894427cc1c571f7.mp3],core,Cambridge English A2 Flyers word list (official PDF)
telephone,电话,[sound:b9bb7e7b00a4ba1e.mp3],extended,Cambridge English A2 Flyers word list (official PDF)
tent,帐篷,[sound:7b65dcf020279efe.mp3],core,Cambridge English A2 Flyers word list (official PDF)
thank,感谢,[sound:f5ab96926a6a561a.mp3],core,Cambridge English A2 Flyers word list (official PDF)
theatre (US theater),剧院,[sound:a0ff692db630abb3.mp3],tricky,Cambridge English A2 Flyers word list (official PDF)
thousand,千,[sound:41b1df40c9b9692c.mp3],extended,Cambridge English A2 Flyers word list (official PDF)
through,通过,[sound:ca23ba209cc33678.mp3],extended,Cambridge English A2 Flyers word list (official PDF)
tidy,整齐的,[sound:3513bf8fe595c018.mp3],core,Cambridge English A2 Flyers word list (official PDF)
time,时间,[sound:07cc694b9b3fc636.mp3],core,Cambridge English A2 Flyers word list (official PDF)
timetable,时间表,[sound:0cff3ba35674014e.mp3],extended,Cambridge English A2 Flyers word list (official PDF)
toe,脚趾,[sound:38e60015f4763be1.mp3],core,Cambridge English A2 Flyers word list (official PDF)
together,一起,[sound:db3f3946ba271882.mp3],extended,Cambridge English A2 Flyers word list (official PDF)
tomorrow,明天,[sound:c23946c050885b2d.mp3],extended,Cambridge English A2 Flyers word list (official PDF)
tonight,今晚,[sound:5f056dbdb4e73cbe.mp3],extended,Cambridge English A2 Flyers word list (official PDF)
torch (US flashlight),火炬,[sound:69756f3cd326cb18.mp3],tricky,Cambridge English A2 Flyers word list (official PDF)
tortoise,龟,[sound:c60346dca558858a.mp3],extended,Cambridge English A2 Flyers word list (official PDF)
touch,触碰,[sound:b96ba508e3690f51.mp3],core,Cambridge English A2 Flyers word list (official PDF)
tour,旅游,[sound:f0a4025b3b49b3e2.mp3],core,Cambridge English A2 Flyers word list (official PDF)
traffic,交通,[sound:7c116ff7719dad10.mp3],extended,Cambridge English A2 Flyers word list (official PDF)
trainers,培训师,[sound:7a9f8a960ea3190b.mp3],extended,Cambridge English A2 Flyers word list (official PDF)
tune,调,[sound:7ce1689483acd43d.mp3],core,Cambridge English A2 Flyers word list (official PDF)
turn,转动,[sound:a850c17cba5eb16b.mp3],core,Cambridge English A2 Flyers word list (official PDF)
turn off,关,[sound:546fa8c1eeaa45d4.mp3],tricky,Cambridge English A2 Flyers word list (official PDF)
turn on,打开,[sound:b197375d9ebab835.mp3],tricky,Cambridge English A2 Flyers word list (official PDF)
twice,两次,[sound:acab8a08d87398bb.mp3],core,Cambridge English A2 Flyers word list (official PDF)
tyre (US tire),胎,[sound:8cf1a2922e963f27.mp3],tricky,Cambridge English A2 Flyers word list (official PDF)
umbrella,伞,[sound:b74012a0fbca4af4.mp3],extended,Cambridge English A2 Flyers word list (official PDF)
unfriendly,不友好的,[sound:1c1d719d29db0c39.mp3],extended,Cambridge English A2 Flyers word list (official PDF)
unhappy,不高兴,[sound:881bea88a78db4d6.mp3],extended,Cambridge English A2 Flyers word list (official PDF)
uniform,制服,[sound:a489ffed938ef1b9.mp3],extended,Cambridge English A2 Flyers word list (official PDF)
university,大学,[sound:10238d6114894bb5.mp3],extended,Cambridge English A2 Flyers word list (official PDF)
unkind,不友善的,[sound:5afeea0e7aa909d3.mp3],extended,Cambridge English A2 Flyers word list (official PDF)
untidy,不整洁,[sound:5e07577a40fd4774.mp3],extended,Cambridge English A2 Flyers word list (official PDF)
until,直到,[sound:3103a7d8f63cb184.mp3],core,Cambridge English A2 Flyers word list (official PDF)
unusual,异常,[sound:6bd0973b83901130.mp3],extended,Cambridge English A2 Flyers word list (official PDF)
use,使用,[sound:5ef76d30bf923290.mp3],core,Cambridge English A2 Flyers word list (official PDF)
usually,通常,[sound:4a1dbf51be367295.mp3],extended,Cambridge English A2 Flyers word list (official PDF)
view,看法,[sound:1bda80f2be4d3658.mp3],core,Cambridge English A2 Flyers word list (official PDF)
violin,小提琴,[sound:baed9eee805dceb1.mp3],extended,Cambridge English A2 Flyers word list (official PDF)
visit,访问,[sound:9de70f6546b2452f.mp3],core,Cambridge English A2 Flyers word list (official PDF)
volleyball,排球,[sound:91111fb1f8b08843.mp3],extended,Cambridge English A2 Flyers word list (official PDF)
waiter,服务员,[sound:f64cff138020a206.mp3],extended,Cambridge English A2 Flyers word list (official PDF)
warm,温暖的,[sound:a957a3153eb7126b.mp3],core,Cambridge English A2 Flyers word list (official PDF)
way,方式,[sound:c83b72dd001482ce.mp3],core,Cambridge English A2 Flyers word list (official PDF)
west,西方,[sound:da4f0053a5c13882.mp3],core,Cambridge English A2 Flyers word list (official PDF)
wheel,车轮,[sound:5eda0ea98768e91b.mp3],core,Cambridge English A2 Flyers word list (official PDF)
while,尽管,[sound:901889f4f34f8ca1.mp3],core,Cambridge English A2 Flyers word list (official PDF)
whisper,耳语,[sound:24412aa365632abd.mp3],extended,Cambridge English A2 Flyers word list (official PDF)
whistle,哨,[sound:1c6819d0309c7f04.mp3],extended,Cambridge English A2 Flyers word list (official PDF)
wife,妻子,[sound:bb4694a26a39df75.mp3],core,Cambridge English A2 Flyers word list (official PDF)
wifi,无线上网,[sound:5f27dde10bfa8ada.mp3],core,Cambridge English A2 Flyers word list (official PDF)
wild,荒野,[sound:48fa4c38043122c0.mp3],core,Cambridge English A2 Flyers word list (official PDF)
will,将要,[sound:18218139eec55d83.mp3],core,Cambridge English A2 Flyers word list (official PDF)
William,威廉,[sound:604c8dd5066ee305.mp3],extended,Cambridge English A2 Flyers word list (official PDF)
win,赢,[sound:0b08bd98d279b888.mp3],core,Cambridge English A2 Flyers word list (official PDF)
wing,翼,[sound:3328e4f7fbcce951.mp3],core,Cambridge English A2 Flyers word list (official PDF)
winner,优胜者,[sound:978f6f608df5279d.mp3],extended,Cambridge English A2 Flyers word list (official PDF)
winter,冬天,[sound:f6432274349b5cb9.mp3],extended,Cambridge English A2 Flyers word list (official PDF)
wish,希望,[sound:27e76ef6b60400df.mp3],core,Cambridge English A2 Flyers word list (official PDF)
without,没有,[sound:fc0cb42fe6c10693.mp3],extended,Cambridge English A2 Flyers word list (official PDF)
wonderful,精彩的,[sound:9f608aaed334be3b.mp3],extended,Cambridge English A2 Flyers word list (official PDF)
wood,木头,[sound:22811dd94d65037e.mp3],core,Cambridge English A2 Flyers word list (official PDF)
wool,羊毛,[sound:27a18ca062a4121b.mp3],core,Cambridge English A2 Flyers word list (official PDF)
worried,担心,[sound:00285b01ad3ee329.mp3],extended,Cambridge English A2 Flyers word list (official PDF)
yoghurt,酸奶,[sound:19befa1599979552.mp3],extended,Cambridge English A2 Flyers word list (official PDF)
you’re welcome,不客气,[sound:d7c52838b3f2af00.mp3],tricky,Cambridge English A2 Flyers word list (official PDF)
x-ray,X射线,[sound:369d3da536d00ff2.mp3],tricky,Cambridge English A2 Flyers word list (official PDF)
yet,然而,[sound:b8284650440a8e32.mp3],core,Cambridge English A2 Flyers word list (official PDF)
zero,零,[sound:d02c4c4cde7ae762.mp3],core,Cambridge English A2 Flyers word list (official PDF)
